,Min,Q1,Median,Q3,Max
HHI_TS,0.0717620756172839,0.10794181134259252,0.11578748070987649,0.12278776052167636,0.1806897955246913
HHI_PS,0.09024943310657589,0.1364876033057851,0.1529485472629023,0.17181664497510185,0.3161436672967864
HHI_PCS,0.0983154984640969,0.16186023246936243,0.1838156967889625,0.20877910220565338,0.3940449422059723
