,HHI_PCS,HHI_PS,HHI_TS,W_PCT
HHI_PCS,1.0,0.9514156828776006,0.4536174458952098,0.43086214481418333
HHI_PS,0.9514156828776006,1.0,0.5989604797908593,0.47973402970274687
HHI_TS,0.4536174458952098,0.5989604797908593,1.0,0.14243508539925417
W_PCT,0.43086214481418333,0.47973402970274687,0.14243508539925417,1.0
